Bubble,Insertion,Merge,Quick,Radix,Selection,Shell,python
7.144000846892595e-06,5.1480019465088844e-06,3.2299940357916057e-06,4.241999704390764e-06,4.373899719212204e-05,5.31800469616428e-06,3.4769982448779047e-06,3.459994331933558e-06
8.88900103745982e-06,6.6440043156035244e-06,1.570799940964207e-05,1.1762000212911516e-05,4.164400161243975e-05,9.808994946070015e-06,1.170000177808106e-05,3.3370015444234014e-06
1.2862998119089752e-05,8.481998520437628e-06,2.8702001145575196e-05,1.2591000995598733e-05,4.7126995923463255e-05,1.5067002095747739e-05,1.3599004887510091e-05,3.3729957067407668e-06
1.8439000996295363e-05,1.051800063578412e-05,5.463100387714803e-05,2.0097002561669797e-05,5.230799433775246e-05,1.9241000700276345e-05,2.9235001420602202e-05,4.023000656161457e-06
2.18010027310811e-05,1.0764997568912804e-05,5.500199767993763e-05,2.7927002520300448e-05,5.842900282004848e-05,2.5375004042871296e-05,3.0456001695711166e-05,4.023000656161457e-06
2.7559995942283422e-05,1.1771997378673404e-05,6.805500015616417e-05,3.973400453105569e-05,6.440400466090068e-05,3.115599974989891e-05,3.482899774098769e-05,4.165005520917475e-06
3.483399632386863e-05,1.4578996342606843e-05,8.146500476868823e-05,3.953700070269406e-05,6.844200106570497e-05,3.759600076591596e-05,3.871900116791949e-05,4.9109949031844735e-06
4.350600647740066e-05,1.8679995264392346e-05,9.654799941927195e-05,4.962099774274975e-05,7.534100586781278e-05,4.4611995690502226e-05,6.362799467751756e-05,5.403002433013171e-06
5.416400381363928e-05,2.45039991568774e-05,0.00011531699419720098,5.881000106455758e-05,8.32820005598478e-05,5.181199958315119e-05,7.024400110822171e-05,6.3680054154247046e-06
6.00159983150661e-05,2.3198997951112688e-05,0.0001288839994231239,6.964900239836425e-05,8.735600567888469e-05,5.920699913986027e-05,7.157999789342284e-05,6.173999281600118e-06
7.212000491563231e-05,2.9508999432437122e-05,0.00014516499504679814,7.400899630738422e-05,9.379499533679336e-05,7.742999878246337e-05,7.871399429859594e-05,6.404996383935213e-06
7.518599886680022e-05,2.347300323890522e-05,0.00016013499407563359,7.665099838050082e-05,9.781599510461092e-05,7.52849955460988e-05,8.563300070818514e-05,6.4350024331361055e-06
9.043399768415838e-05,3.108399687334895e-05,0.0001739209983497858,8.504300058120862e-05,0.00010226599988527596,8.503600110998377e-05,9.46649961406365e-05,7.659000402782112e-06
0.00010355999984312803,3.677899803733453e-05,0.00019070200505666435,8.765499660512432e-05,0.00010842800111277029,9.432699880562723e-05,0.0001015840025502257,8.274000720120966e-06
0.00014836400077911094,4.685200110543519e-05,0.0002071269991574809,9.592000424163416e-05,0.00018963299953611568,0.00011410400475142524,0.00010673000360839069,8.55299731483683e-06
0.00014235099661163986,5.666100332746282e-05,0.0002214740015915595,0.00010458500037202612,0.00011804799578385428,0.00011566199827939272,0.0001477309997426346,9.06200148165226e-06
0.00015571500262012705,5.892499757464975e-05,0.0002424910053377971,0.0001117369974963367,0.00020352599676698446,0.0001531449961476028,0.0001532560054329224,1.0495001333765686e-05
0.0001768809961504303,4.7990004532039165e-05,0.00025769399508135393,0.00012317799701122567,0.00021630900300806388,0.00013788900105282664,0.0001592900007381104,1.046599936671555e-05
0.00017095399380195886,4.902799992123619e-05,0.00026889899891102687,0.00013309499627212062,0.00022241700207814574,0.00015271000302163884,0.0001642479983274825,1.0682997526600957e-05
0.00023001599765848368,7.089300197549164e-05,0.0003130210025119595,0.00013554899487644434,0.0002309199990122579,0.00018764499691314995,0.00017823499365476891,1.1380994692444801e-05
0.00022809999791206792,8.728399552637711e-05,0.00031205899722408503,0.00016042000061133876,0.00025215899950126186,0.00017618700076127425,0.0001838650059653446,1.176699879579246e-05
0.00025635299971327186,7.125599950086325e-05,0.00033045299642253667,0.00015113400149857625,0.00024993599799927324,0.00018793100025504827,0.0001914530002977699,1.2313998013269156e-05
0.00025126900436589494,7.96370004536584e-05,0.00034375800169073045,0.00018631500279298052,0.0002595750047476031,0.0002039399987552315,0.00020103099814150482,1.2800999684259295e-05
0.00028702200506813824,9.862699516816065e-05,0.0003637810004875064,0.00017837100313045084,0.00028751100035151467,0.00021856599778402597,0.00021084400214022025,1.3697994290851057e-05
0.00032054699840955436,0.000124147001770325,0.00037763100408483297,0.00018849399930331856,0.0003047010031878017,0.00023500300449086353,0.00022314100351650268,1.4005003322381526e-05
0.0003509499947540462,0.00011556899698916823,0.0005575530012720264,0.00020413500169524923,0.0003325930010760203,0.0002487050005584024,0.00023988199973246083,1.5427001926582307e-05
0.00034177800262114033,0.00010863700299523771,0.0004118470023968257,0.00020102399867027998,0.0003021850061486475,0.00026507999427849427,0.00024752499302849174,1.5607998648192734e-05
0.00041123000119114295,0.0001144540001405403,0.0004296729966881685,0.00023221800074679777,0.0003085429998463951,0.000282014996628277,0.000251197001489345,1.5368997992482036e-05
0.00041913400491466746,0.00016141400556080043,0.00045175500417826697,0.00023018499632598832,0.0003172470023855567,0.0003204509994247928,0.00025790099607547745,1.7331003618892282e-05
0.0004169160019955598,0.0001293499954044819,0.00047334300325019285,0.00021698100317735225,0.00032228900090558454,0.000313393997203093,0.00025336600083392113,1.7160004063043743e-05
0.0004457000031834468,0.00014449899754254147,0.00048117400001501665,0.00026373600121587515,0.00033613800042076036,0.00033358699874952435,0.00026971299666911364,1.7315003788098693e-05
0.000499695997859817,0.0001775880009518005,0.0005047539962106384,0.00024026400205912068,0.0003648839992820285,0.0003536669973982498,0.0003370909980731085,1.8396996892988682e-05
0.0005507430032594129,0.0001725289985188283,0.0005276950032566674,0.0002503459982108325,0.00034578200575197116,0.0003947360019083135,0.0003410760036786087,2.2678999812342227e-05
0.0005598569987341762,0.0002036299993051216,0.0005436749997898005,0.00028643100085901096,0.0003820159981842153,0.0003908889993908815,0.0003618219998315908,1.943900133483112e-05
0.0005360840004868805,0.0001472709991503507,0.0005612589957308955,0.0002994370006490499,0.0003717889994732104,0.00040967800305224955,0.00034937600139528513,2.016699727391824e-05
0.0006386870009009726,0.000234578998060897,0.0005814899996039458,0.00029554600041592494,0.0003816289972746745,0.00043220900261076167,0.000385721999919042,2.1003004803787917e-05
0.0006940110033610836,0.00025758900301298127,0.0006094179989304394,0.00031206299900077283,0.0003816980024566874,0.000451644002168905,0.0003743470006156713,2.131600194843486e-05
0.0006564550058101304,0.0002108349945046939,0.0006181010030559264,0.0003248590001021512,0.0003978890017606318,0.000499198999023065,0.00038731600216124207,2.1997999283485115e-05
0.0007203259956440888,0.000250814002356492,0.0006443680031225085,0.00035899000067729503,0.00040832300146576017,0.0005058450042270124,0.00039487300091423094,2.2544001694768667e-05
0.0007125819975044578,0.00021398800163296983,0.000679928001773078,0.00033522000012453645,0.00041152400081045926,0.0005403649993240833,0.00041268299537478015,2.2018997697159648e-05
0.0007768780051264912,0.0002831879974110052,0.0006735760034644045,0.0003857400006381795,0.00042652100091800094,0.0005390349979279563,0.00043290599569445476,2.4223998480010778e-05
0.0008035910068429075,0.00026075200003106147,0.0006924339977558702,0.00037206699926173314,0.0004570119999698363,0.0005704830036847852,0.00044406799861462787,2.441999822622165e-05
0.0008764230005908757,0.0002963150036521256,0.0007183799971244298,0.0004030479976790957,0.0004437320021679625,0.0005820699952892028,0.0004585819988278672,2.5787994673009962e-05
0.0008646009955555201,0.00023392099683405831,0.0007286730033229105,0.000396511000872124,0.000454743996670004,0.0006143850041553378,0.0004495530010899529,2.608299837447703e-05
0.0009109629972954281,0.00029329700191738084,0.0007579029988846742,0.00040642399835633114,0.0004830719990422949,0.0006625650057685561,0.0004575569982989691,2.688299719011411e-05
0.0009721559981699102,0.0003270069937570952,0.0007778159997542389,0.000400886005081702,0.0004805779972230084,0.0006667359994025901,0.00047215599624905735,2.7009999030269682e-05
0.0010497780021978542,0.0003845530009130016,0.0008232370018959045,0.00040870100201573223,0.0004814339990844019,0.000706393999280408,0.0004896239988738671,2.8317001124378294e-05
0.0010793530018418096,0.0003616879985202104,0.0008365210014744662,0.0004520899965427816,0.0004943509993609041,0.0007260240017785691,0.0005141930014360696,2.872700133593753e-05
0.001055774002452381,0.00032366300001740456,0.0008239029994001612,0.00044058299681637436,0.0005241749968263321,0.0007384709970210679,0.0005275189978419803,2.876999496947974e-05
0.0011611859954427928,0.00041315300040878356,0.0008577530024922453,0.00048462500126333907,0.0005097609973745421,0.0007603810008731671,0.0005409939985838719,3.13480049953796e-05
0.0011929910033359192,0.0003994329963461496,0.0008947690002969466,0.000711726002919022,0.0005228539957897738,0.0008033319973037578,0.0005624059995170683,3.1229996238835156e-05
0.0012270190054550767,0.00039508999907411635,0.0009161459965980612,0.00048126099864020944,0.0005337359980330803,0.0009200150016113184,0.0005491080009960569,3.12429983750917e-05
0.0013112250017002225,0.0004535789994406514,0.0009872340015135705,0.0004973969989805482,0.0006293080004979856,0.0008565950047341175,0.0005701679983758368,3.2292999094352126e-05
0.0013488300028257072,0.0004970689988113008,0.0009375759982503951,0.0005213350013946183,0.0005678140005329624,0.0008963910004240461,0.0005977199980407022,3.3388001611456275e-05
0.001382244001433719,0.00043857099808519706,0.0009419800044270232,0.0004959759971825406,0.0006135549992904998,0.0009521990068606101,0.0006830060010543093,3.3420001273043454e-05
0.0014819610005361028,0.0005604480029433034,0.0009672019950812683,0.0005330549975042231,0.000566774993785657,0.000986656996246893,0.0006119090030551888,3.414400271140039e-05
0.001530494999315124,0.0005836590062244795,0.0010080650026793592,0.0005715259976568632,0.0005796439945697784,0.0010645180009305477,0.000632688999758102,3.5577002563513815e-05
0.001613849999557715,0.000502425005834084,0.0009989659956772812,0.0005660489987349138,0.0006101039980421774,0.0010043450020020828,0.0006455809998442419,3.4636999771464616e-05
0.0017510100005893037,0.0007227890018839389,0.0010233260036329739,0.0005688359960913658,0.0005914330031373538,0.001059207999787759,0.000617126002907753,3.680200461531058e-05
0.001786000000720378,0.0007049619962344877,0.001047730002028402,0.000647185996058397,0.0006008729978930205,0.001145005997386761,0.0006699919977108948,3.8400998164433986e-05
0.001679961998888757,0.000560311003937386,0.0011086919985245913,0.0005767340044258162,0.0006367449968820438,0.0011473539998405613,0.0006961330000194721,3.797299723373726e-05
0.00173238600109471,0.0005622919998131692,0.0011149499987368472,0.0005723180001950823,0.0006379729966283776,0.0011170779980602674,0.000696328999765683,6.586599920410663e-05
0.001741151005262509,0.0005595969996647909,0.0010991380040650256,0.0006577009989996441,0.0006509800005005673,0.0011680489988066256,0.0006862060035928153,3.955799911636859e-05
0.0017864719993667677,0.0005344809978851117,0.001117735002480913,0.0006364389992086217,0.0006822620052844286,0.0012030249999952503,0.0007739529974060133,4.2583000322338194e-05
0.0018280080039403401,0.0006007549964124337,0.0011404840042814612,0.0006540180038427934,0.000652287999400869,0.0012384349975036457,0.0009502530010649934,4.217300011077896e-05
0.0019853389967465773,0.0006713030015816912,0.0011571979994187132,0.0006331119948299602,0.0006629209965467453,0.0013531020013033412,0.0007931920044939034,4.3259999074507505e-05
0.0021410870031104423,0.0007518229976994917,0.001193380005133804,0.0006942339969100431,0.0006688799985568039,0.0013085720056551509,0.0008513409993611276,4.413599526742473e-05
0.0021169370011193678,0.0007002149941399693,0.0012221899960422888,0.0006379140031640418,0.0006827699980931357,0.001329820996033959,0.0008545169985154644,4.519600042840466e-05
0.0021879549967707135,0.0007770649972371757,0.0012573970016092062,0.0006746100043528713,0.0006883390014991164,0.0014023959956830367,0.0008569300043745898,4.480899951886386e-05
0.002245199000753928,0.0007910440035630018,0.0012517870054580271,0.000737692003895063,0.0007032619978417642,0.001403408001351636,0.0008407900022575632,4.492200241656974e-05
0.002315955003723502,0.0007813119955244474,0.0012802759956684895,0.0006607449977309443,0.0007678220063098706,0.0014410860021598637,0.0008598529966548085,4.814000567421317e-05
0.0023904989939182997,0.0008224599951063283,0.0013428129968815483,0.0007025290033197962,0.0007133199978852645,0.0015155159999267198,0.0008950260016717948,4.899399937130511e-05
0.0022863609992782585,0.0007238830003188923,0.0013258859980851412,0.0007682120049139485,0.0007206499940366484,0.0015621330021531321,0.0008754340015002526,4.843200440518558e-05
0.0024028510015341453,0.0007849280009395443,0.0013364369951887056,0.0007425970034091733,0.0007324859980144538,0.0015499290020670742,0.0008892609985196032,5.7616998674348e-05
0.0025514439985272475,0.0008625490008853376,0.0013814409976475872,0.0007515339966630563,0.0007441300040227361,0.001618116999452468,0.0009273180039599538,5.084500298835337e-05
0.0025857229993562214,0.0008479140014969744,0.001394412000081502,0.0007870150002418086,0.0007493270022678189,0.0016619660018477589,0.0010752249945653602,5.13400009367615e-05
0.0025947489993995987,0.0008423370018135756,0.0014021490060258657,0.0008000820016604848,0.0008154379975167103,0.0017065400024875998,0.0009329070016974583,5.160300497664139e-05
0.002764576995105017,0.0009655860048951581,0.0014195469993865117,0.0007669999977224506,0.0007671959974686615,0.0017643379978835583,0.000966279003478121,5.255200085230172e-05
0.0027504059980856255,0.0008824319957057014,0.0014458220030064695,0.0008519490002072416,0.0007771910022711381,0.0017826389957917854,0.0009803069988265634,6.643000233452767e-05
0.0030017000026418827,0.00098639299540082,0.0015248230047291145,0.000930374997551553,0.0008173019959940575,0.0019140559961670078,0.001066636003088206,5.537799734156579e-05
0.003036406997125596,0.0009855669995886274,0.001533319998998195,0.0009280809972551651,0.0008217080030590296,0.001949047000380233,0.001096799001970794,5.6190998293459415e-05
0.0030358320000232197,0.0009630319982534274,0.0015650689965696074,0.0008960919949458912,0.0008279879984911531,0.001986876995943021,0.0010403639971627854,5.6359996960964054e-05
0.0031888040030025877,0.0011070489999838173,0.0015909860012470745,0.0008841770031722263,0.000838934000057634,0.0019922999999835156,0.0010800550007843412,5.825599509989843e-05
0.0033017450041370466,0.0010876669985009357,0.001594018998730462,0.0008925930014811456,0.0008500530020683073,0.0020427130002644844,0.0010842339979717508,5.957100074738264e-05
0.003386052994756028,0.001178293998236768,0.001628024001547601,0.0008255919965449721,0.0008566939941374585,0.0022396370040951297,0.001123851994634606,6.139699689811096e-05
0.0033167810033774003,0.0010976770063280128,0.0016467640016344376,0.0008848430006764829,0.0008844530020724051,0.0021431040004245006,0.0011070859982282855,6.067399954190478e-05
0.0035600669943960384,0.0012390869960654527,0.0016915020023589022,0.0009498200015514158,0.0008907859955797903,0.0022244430001592264,0.0010566250057308935,6.06440007686615e-05
0.003673886996693909,0.0012683210006798618,0.001689316995907575,0.0009526020003249869,0.0009127680023084395,0.002165388999856077,0.0011237470025662333,6.078500155126676e-05
0.0037510379988816567,0.0012811199994757771,0.0016558459974476136,0.0009432770020794123,0.0009149760007858276,0.00223562400060473,0.001101536996429786,6.141499761724845e-05
0.0037370840000221506,0.0013051749992882833,0.0016842890036059543,0.0009795129954000004,0.0008790030042291619,0.002263187001517508,0.001107971002056729,6.237300112843513e-05
0.003777981997700408,0.0012623650036402978,0.0017084690043702722,0.0009517750004306436,0.0008919829997466877,0.0022972880033194087,0.001122046000091359,6.304799899226055e-05
0.0037243730039335787,0.0011671749962260947,0.0016944899980444461,0.0009811710042413324,0.0009072380053112283,0.002380601996264886,0.001138555002398789,6.139700417406857e-05
0.0037222649989416823,0.0010937280021607876,0.0019536179970600642,0.0009734699997352436,0.000904405998880975,0.0024202019994845614,0.0011283089988864958,6.417300028260797e-05
0.0038898380007594824,0.0011762720023398288,0.0017564379959367216,0.0009912409950629808,0.0009131949991569854,0.0024761109962128103,0.0011422850002418272,6.606299575651065e-05
0.003976888001488987,0.0012665670001297258,0.001811588001146447,0.001045789998897817,0.0009233620003215037,0.0027526800040504895,0.0012219430063851178,6.979099998716265e-05
0.004436536000866909,0.0015191540005616844,0.0019268789983470924,0.0011294070063740946,0.0009915379996527918,0.002752708001935389,0.0013733480009250343,7.162799738580361e-05
0.004487897997023538,0.0015882529987720773,0.0019073619987466373,0.0011120490016764961,0.0009825450033531524,0.002704759994230699,0.0012717880017589778,6.969399692025036e-05
0.004278396998415701,0.0012927650022902526,0.0019205089993192814,0.001032090003718622,0.000989893997029867,0.0027308049975545146,0.001341713999863714,6.98709991411306e-05
0.004433064001204912,0.0014043019982636906,0.0019325859975651838,0.001075978005246725,0.0010177139993174933,0.002798846995574422,0.0014718669990543276,6.991700502112508e-05
0.004468792998522986,0.001475162003771402,0.0019618379956227727,0.0010784429978230037,0.0010014939980464987,0.0029134260039427318,0.001295572001254186,6.989699613768607e-05
0.004560387002129573,0.0014153709998936392,0.001959761000762228,0.0011756320018321276,0.001011047999782022,0.0029396129975793883,0.0013786859999527223,7.264900341397151e-05
0.004882075998466462,0.0016981410008156672,0.001987380994250998,0.0011347459949320182,0.0010212250053882599,0.0029574820000561886,0.001716949998808559,0.00011634399561444297
0.00489512000058312,0.0015578000020468608,0.002041122999798972,0.0011150999998790212,0.0010333879981772043,0.0029768140011583455,0.0013811669996357523,7.594099588459358e-05
0.004872869001701474,0.001469328002713155,0.002052035000815522,0.0011721720002242364,0.0010649589967215434,0.0030876620003255084,0.0013933759983046912,8.65520050865598e-05
0.0048766330000944436,0.0015206719981506467,0.0020593290028045885,0.0011577339973882772,0.0010483359947102144,0.003068696998525411,0.0014194200048223138,7.477599865524098e-05
0.005138581000210252,0.001753477001329884,0.002194686996517703,0.0012349909957265481,0.00105788599466905,0.003207298999768682,0.0014531740016536787,7.720699795754626e-05
0.0053755240005557425,0.0019070489943260327,0.0021062809973955154,0.001180263003334403,0.0010702810031943955,0.003259410004829988,0.0014768429973628372,9.138199675362557e-05
0.005452557001262903,0.0016561000011279248,0.002145079997717403,0.00127716099814279,0.0010892969949054532,0.003307281993329525,0.0014143820008030161,7.878700125729665e-05
0.00545532199612353,0.001834339003835339,0.0021434000009321608,0.0011582250008359551,0.001090594996639993,0.0033089619973907247,0.0014266750004026107,8.154499664669856e-05
0.0054605120021733455,0.0017976130038732663,0.0021943880055914633,0.0012233010056661442,0.0011066759980167262,0.003375951993803028,0.0014254690031521022,8.298499597003683e-05
0.00575026600563433,0.001981843997782562,0.0021943609972367994,0.001259958000446204,0.0011228639996261336,0.003462042994215153,0.001499840000178665,9.856699762167409e-05
0.0057965579981100745,0.001884268996946048,0.0022159210056997836,0.0011763859947677702,0.0011283109997748397,0.0035899770009564236,0.0014896709981258027,8.197800343623385e-05
0.006044087996997405,0.0021080660008010454,0.002258132997667417,0.0012987659938517027,0.001129266995121725,0.0035891030056518503,0.0015667730040149763,8.439600060228258e-05
0.006236004002857953,0.0022840670062578283,0.0022507689936901443,0.0013348569991649128,0.0015902589948382229,0.003609298997616861,0.0015745929995318875,8.509000326739624e-05
0.00588827899628086,0.001773233998392243,0.0022723620058968663,0.0012888119963463396,0.0016169150039786473,0.0037204610052867793,0.0014915159990778193,8.402599632972851e-05
0.0062707350007258356,0.002134617003321182,0.00227707700105384,0.0014201169979060069,0.0011275500000920147,0.003669539997645188,0.001520202997198794,8.478400559397414e-05
0.006344237997836899,0.0020745889996760525,0.0023339830004260875,0.0012771209949278273,0.0015857779944781214,0.003709391996380873,0.0015131530017242767,8.438499935436994e-05
0.006472804998338688,0.0024494390017935075,0.002472191001288593,0.0014310370024759322,0.0011595319956541061,0.003836170995782595,0.001519623001513537,8.833300671540201e-05
0.006552303995704278,0.0023187960032373667,0.002349793001485523,0.0013752159939031117,0.001608013000804931,0.003962576003686991,0.0014975560043239966,8.769599662628025e-05
0.006947786998352967,0.0024087220008368604,0.002545092000218574,0.0014391810036613606,0.0016726550020393915,0.0039009600004646927,0.001568013998621609,8.737300231587142e-05
0.006504908000351861,0.002037427002505865,0.0024044519959716126,0.0014576140019926243,0.0016293500011670403,0.003985256997111719,0.0017140010022558272,8.798199996817857e-05
0.00672576099896105,0.0021420749981189147,0.0023383439984172583,0.0015857300022616982,0.0016397170038544573,0.004088820998731535,0.0015881770013947971,9.023700113175437e-05
0.006794142005674075,0.0023378340047202073,0.0023928279988467693,0.0013295329990796745,0.0016481929997098632,0.004106389002117794,0.0015770810059620999,9.009499626699835e-05
0.006994206996751018,0.002204898002673872,0.0023977370001375675,0.001399807006237097,0.001685117997112684,0.004209712998999748,0.0015372719935839996,9.29790039663203e-05
0.00678465699456865,0.0021749500010628253,0.0024077630005194806,0.001449175993911922,0.0016876390000106767,0.004172827997535933,0.0016069250050350092,9.259199578082189e-05
0.00724480099597713,0.0026164899973082356,0.0026185299939243123,0.0013945220052846707,0.0017466829958721064,0.004361048006103374,0.0016563229946768843,0.00011766099487431347
0.007177621002483647,0.002395898998656776,0.0024920610012486577,0.0014957589955884032,0.0017852470045909286,0.004368065005110111,0.0016301729992846958,9.441099973628297e-05
0.007264319996465929,0.0024564519990235567,0.0024900070056901313,0.0015325720014516264,0.0017245160051970743,0.004511140999966301,0.002049103000899777,9.631700231693685e-05
0.00713158799771918,0.002198834998125676,0.002556949999416247,0.0014332779974211007,0.0017361889986204915,0.004555323997919913,0.0020946750009898096,9.86540035228245e-05
0.007565931999124587,0.0023536880034953356,0.0026000580037361942,0.0015016990000731312,0.0018361689944867976,0.0049428630009060726,0.0019404829945415258,9.907899948302656e-05
0.0077510949995485134,0.002747639002336655,0.0027690939969033934,0.0016327340053976513,0.0017872919997898862,0.004653538002457935,0.00195606399938697,9.993599815061316e-05
0.007709613004408311,0.0025292049976997077,0.002635606004332658,0.001558758995088283,0.0017980170014197938,0.004744532001495827,0.001988616000744514,0.00010181399557041004
0.007621424003446009,0.0023649520007893443,0.0025956359968404286,0.0015118659939616919,0.0018192200004705228,0.0047471899961237796,0.0019740679999813437,9.769200551090762e-05
0.008047333998547401,0.002707065003050957,0.002626989000418689,0.001593711000168696,0.0018254189999424852,0.004993026996089611,0.0019925950036849827,0.00010180800018133596
0.007956171997648198,0.0024919780044001527,0.0026846019973163493,0.0015210170022328384,0.0018311880048713647,0.004829034995054826,0.0019034340002690442,0.00010126300185220316
0.007861622005293611,0.0022565100007341243,0.0026858450000872836,0.0014996009995229542,0.0018509520014049485,0.005034535999584477,0.0018686469993554056,0.00012374800280667841
0.008074650999333244,0.0025275399966631085,0.002732692999416031,0.0015723260003142059,0.0018693750025704503,0.005151318000571337,0.001966730000276584,0.00010206099977949634
0.00854015499498928,0.002854206002666615,0.0028602509992197156,0.0015981550022843294,0.0018976639985339716,0.005253096998785622,0.0020102979979128577,0.00010435799777042121
0.008919194995542057,0.003225446998840198,0.002792625004076399,0.0015151460029301234,0.001958346001629252,0.005167761999473441,0.0019422469995333813,0.00010807399667100981
0.008817478999844752,0.0030400889954762533,0.0027942860033363104,0.001733190001687035,0.0018862729993998073,0.005284120001306292,0.0019806869968306273,0.00010575300257187337
0.009185139002511278,0.003352143998199608,0.002807226999721024,0.0016836799986776896,0.0019048959948122501,0.005303002006257884,0.002046360998065211,0.00010856099834199995
0.008812963002128527,0.0028220929962117225,0.0029864639946026728,0.0016401929970015772,0.0019369879955775104,0.0054567830011365,0.001994196994928643,0.00010627699521137401
0.009272494004108012,0.0031622139940736815,0.002857289000530727,0.001715379003144335,0.0019455800065770745,0.005470266994962003,0.0020202180021442473,0.00010859299800358713
0.009037811003508978,0.0028064529979019426,0.0029055539998807944,0.0019096339965471998,0.001940036003361456,0.0055583729990758,0.0020798870027647354,0.00011041499965358526
0.009752473000844475,0.0033385520000592805,0.0029164209990995005,0.001699291002296377,0.0019864739952026866,0.00574892799340887,0.0021600909967673942,0.00011366699618520215
0.009814828998059966,0.0031660180029575713,0.0029318659944692627,0.0018279079959029332,0.0019515780004439875,0.005683642004441936,0.002133784000761807,0.00011366300168447196
0.009560221995343454,0.0039714640006423,0.00296748799883062,0.0017439490038668737,0.0020177340047666803,0.0057433679976384155,0.002183552998758387,0.00011402599920984358
0.009393966000061482,0.002859498003090266,0.002983327998663299,0.0017258540028706193,0.0020073120031156577,0.005739371001254767,0.0020601119977072813,0.00011207199713680893
0.010120416001882404,0.0035257269992143847,0.0031618830034858547,0.001791376998880878,0.0020985859955544583,0.00584329100092873,0.002144660997146275,0.00011750600242521614
0.010229415995127056,0.0035121069959132,0.003286439001385588,0.0018573299967101775,0.0020369750054669566,0.0059139130025869235,0.0021838470056536607,0.00013931500143371522
0.010217627001111396,0.003457872000581119,0.00301534900063416,0.0018065650001517497,0.0020550280023599043,0.006049827003153041,0.002207946999988053,0.0001188950045616366
0.00989712099544704,0.0030251309945015237,0.003088285004196223,0.0017493180057499558,0.0020889610023004934,0.00622804400336463,0.0021652279974659905,0.00013869500253349543
0.01004365299741039,0.0031350110002676956,0.0030626919979113154,0.001953309001692105,0.002084286999888718,0.006179826996230986,0.0021336540012271143,0.00011795399768743664
0.010352903998864349,0.003195352001057472,0.0031903449998935685,0.002001250999455806,0.0021117729993420653,0.00628970300022047,0.002209480997407809,0.00011761199857573956
0.010723002000304405,0.0036375299969222397,0.0031280490002245642,0.0017550500051584095,0.0020695490020443685,0.00640186599775916,0.002185837998695206,0.0001256199975614436
0.010826906996953767,0.0033876650049933232,0.003461877000518143,0.00195420299860416,0.002226855001936201,0.006610869000724051,0.002239016001112759,0.00016404999769292772
0.011403461998270359,0.004117830001632683,0.003176012003677897,0.0017808089978643693,0.0021191979976720177,0.00670690100378124,0.0021778720038128085,0.0001232209979207255
0.01121617100579897,0.0038138320014695637,0.003241487000195775,0.0017942339982255362,0.002139255993824918,0.006603617999644484,0.002323236003576312,0.0001263250014744699
0.011373766996257473,0.0035238090058555827,0.003285534003225621,0.001955150000867434,0.002208325000538025,0.0066603119994397275,0.0021659760022885166,0.00012529200466815382
0.010941568994894624,0.003287013001681771,0.0032876469995244406,0.0019134319954901002,0.00217285800317768,0.006768379993445706,0.0023451500019291416,0.00012869400234194472
0.011567136993107852,0.00391032500192523,0.003280389995779842,0.0018595369983813725,0.0021907069967710413,0.0068566370027838275,0.0025575569961802103,0.00012514200352597982
0.012167177999799605,0.004355737997684628,0.003304292004031595,0.002013331999478396,0.0021912209995207377,0.006900834996486083,0.0025030169999809004,0.00012920099834445864
0.011826474998088088,0.003954857005737722,0.003345129000081215,0.0018812240014085546,0.0021962870014249347,0.00700464299734449,0.002430706001177896,0.0001295890033361502
0.011697738002112601,0.0037741609994554892,0.0033301560033578426,0.001869922001787927,0.0022232580013223924,0.007073880995449144,0.0024550140005885623,0.0001289120045839809
0.012253527995198965,0.003983237998909317,0.003412313999433536,0.0019927629982703365,0.002226282005722169,0.007193295001343358,0.0024682260045665316,0.00012984100612811744
0.012446427994291298,0.0040853280006558634,0.003525322004861664,0.0020580459968186915,0.0022436500003095716,0.007219535000331234,0.002626228000735864,0.0001357669971184805
0.012053200996888336,0.003724212001543492,0.0034270909964106977,0.0019510760030243546,0.0022583789977943525,0.0075781330015161075,0.0024392230043304153,0.0001541759993415326
0.012262145995919127,0.003956406006182078,0.0035176040037185885,0.0021649329937645234,0.002293754994752817,0.00755415900493972,0.002547656993556302,0.00013518299965653569
0.012896642001578584,0.003905300000042189,0.003438747997279279,0.0018814649956766516,0.0022710260018357076,0.00750817699736217,0.0024131149984896183,0.00013550400035455823
0.012394659999699797,0.0037417370040202513,0.0035122310000588186,0.0022917909955140203,0.0023059119994286448,0.007842885999707505,0.0024943329990492202,0.0001338780057267286
0.012888384000689257,0.004086328000994399,0.0034971740024047904,0.0021487510020961054,0.002336482000828255,0.007917164999525994,0.0026070499952766113,0.0001363400006084703
0.013263848995848093,0.004615835001459345,0.0035167349997209385,0.002008827999816276,0.002313646997208707,0.007689799997024238,0.002470958002959378,0.00013994999608257785
0.013696567999431863,0.004801117000170052,0.0036617410005419515,0.002062405001197476,0.002302927998243831,0.007811601004505064,0.002574826001364272,0.00013986299745738506
0.013708781996683683,0.0048264100041706115,0.0036282419969211332,0.0020876600028714165,0.0023231390005094,0.007961707000504248,0.0025234040003851987,0.00014676900173071772
0.013706777994229924,0.0047848060057731345,0.0035876569963875227,0.0021627460009767674,0.0023682659957557917,0.008150982001097873,0.0024962049938039854,0.00014643799659097567
0.013684627003385685,0.004548719996819273,0.0036022390049765818,0.0021842899950570427,0.0023815309978090227,0.00889909100078512,0.002623116997710895,0.00014343200018629432
0.01384386599966092,0.004377746001409832,0.003649060003226623,0.0021395060030044988,0.0023861899971961975,0.008229083003243431,0.0024733939935686067,0.0001699880012893118
0.014075998995394912,0.004875021004409064,0.0037305700025171973,0.0023584739974467084,0.00245833900407888,0.00850915699993493,0.0025972159928642213,0.00014217099669622257
0.014101136002864223,0.004661973005568143,0.0037460940002347343,0.0022146839983179234,0.002390712994383648,0.008347267998033203,0.002572158999100793,0.0001463270018575713
0.01390202299808152,0.004313653000281192,0.0037024749981355853,0.0023320209947996773,0.002436645001580473,0.008638564999273513,0.00262855500477599,0.00016705300367902964
0.01471305300219683,0.005032810993725434,0.003764223998587113,0.0020868890060228296,0.0024064499957603402,0.008535194996511564,0.002583134002634324,0.00014820599608356133
0.014379337997524999,0.004626344001735561,0.003735350997885689,0.002376639997237362,0.0024287679989356548,0.008645686000818387,0.0026912559987977147,0.00014578700211131945
0.014664241003629286,0.004560316003335174,0.003790296999795828,0.002258077001897618,0.002449539002554957,0.00899853900045855,0.0027269499987596646,0.00014737700257683173
0.014697476995934267,0.004690631998528261,0.0038053650059737265,0.002387550994171761,0.0026014160030172206,0.008809845996438526,0.0026476000057300553,0.00014975600061006844
0.015024093001557048,0.0049578820035094395,0.0038319470040732995,0.0023348339964286424,0.0024661800052854232,0.009112763000302948,0.002617045000079088,0.00014939500397304073
0.015485164003621321,0.00518236200150568,0.003849243999866303,0.00227455300046131,0.002506645003450103,0.009038675998453982,0.0026519439998082817,0.0001539350050734356
0.015121165997697972,0.004790063998370897,0.0039051829953677952,0.002295895006682258,0.002520484005799517,0.009041937002621125,0.0027013560029445216,0.000152209002408199
0.016527396997844335,0.0059391679969849065,0.00407249599811621,0.0026468819996807724,0.0025886189978336915,0.009486930997809395,0.0028145789983682334,0.00016198599769268185
0.01543304599908879,0.004463751000002958,0.004033301003801171,0.0024560610036132857,0.002600489002361428,0.009582831000443548,0.002750569001364056,0.0001592879998497665
0.017050553004082758,0.006057840997527819,0.00409965000289958,0.00254715999471955,0.0026004669998656027,0.00973849600268295,0.0028159420035080984,0.00016413900448242202
0.01708647200575797,0.0058170749980490655,0.004092152004886884,0.002410387998679653,0.0026479869993636385,0.009790000003704336,0.002873851000913419,0.00016059199697338045
0.016617029999906663,0.005728755000745878,0.004271958001481835,0.002263469999888912,0.0025719979967107065,0.009745638002641499,0.003657025001302827,0.00015736599743831903
0.016281308002362493,0.005084096999780741,0.003994359998614527,0.0024935470064519905,0.002610780000395607,0.009707400000479538,0.0031340589994215406,0.00016089800192276016
0.016122223001730163,0.004911964002531022,0.0040677139986655675,0.0024632410058984533,0.0027262190051260404,0.00987483499920927,0.003414418999454938,0.00016080499335657805
0.017060743004549295,0.005751414006226696,0.0041020319986273535,0.0025190719970851205,0.0026244709952152334,0.009866449996479787,0.0031551740030408837,0.00016573399625485763
0.016620399997918867,0.00529365200054599,0.0040676920034457,0.0023135720039135776,0.0027088400020147674,0.010103186003107112,0.003229795998777263,0.00015933000395307317
0.01692994900076883,0.005488736002007499,0.004154440001002513,0.0024794790006126277,0.002672866998182144,0.010128248002729379,0.0032963979974738322,0.0001637880050111562
0.017518242995720357,0.006170826993184164,0.0041564690036466345,0.00245076599821914,0.002680680001503788,0.01049773699924117,0.003163512999890372,0.00016713399963919073
0.017545014001370873,0.00574396199954208,0.004926178997266106,0.0024175630023819394,0.002687508000235539,0.010278583999024704,0.0033165200002258644,0.00023576099920319393
0.017875376004667487,0.006151002999104094,0.0041788210000959225,0.0024290479996125214,0.002679079996596556,0.01040687299973797,0.00319193399627693,0.0001707030023681
0.017987571998673957,0.005812317998788785,0.004232546001730952,0.002395625000644941,0.002764789001957979,0.010414674005005509,0.003068423997319769,0.0001687399999354966
0.017502647002402227,0.0054664210038026795,0.004228744001011364,0.0024844479994499125,0.002682274003745988,0.010611212004732806,0.0030517420018441044,0.00016585599951213226
0.01841164600045886,0.006195100999320857,0.004288131996872835,0.0025984930034610443,0.0027259639973635785,0.01078357499500271,0.003120610002952162,0.000177262001670897
0.018158497994591016,0.005826651999086607,0.004254294995917007,0.0027065130052505992,0.00273963399376953,0.010868354998819996,0.003186968999216333,0.00017223800387000665
0.01930988999811234,0.006883099995320663,0.004282739006157499,0.002616851001221221,0.0027487280021887273,0.010896696003328543,0.0034264389978488907,0.00017519000539323315
0.018841661003534682,0.0057712799971341155,0.004296738996345084,0.002548835000197869,0.0028245270004845224,0.010974845004966483,0.0033077769985538907,0.00017212099919561297
0.01898094799980754,0.006194646994117647,0.00464528999873437,0.002611673997307662,0.0028120540009695105,0.011150862002978101,0.003134915001282934,0.000207117001991719
0.019026518006285187,0.006254406995140016,0.004341312000178732,0.0026779949985211715,0.0028061810007784516,0.011518293998960871,0.003244936997361947,0.00017459599621361122
0.018893004998972174,0.005704595001589041,0.00442601499526063,0.00259303800703492,0.002858815001673065,0.011207089999516029,0.0031347449985332787,0.0001774060001480393
0.020126475996221416,0.007162384004914202,0.0045186729985289276,0.002801327995257452,0.0028287470049690455,0.011461657006293535,0.003172174998326227,0.00018312700558453798
0.019615384000644553,0.0066452099999878556,0.004454185000213329,0.0026500179956201464,0.0028424030024325475,0.011529537005117163,0.003155174999847077,0.00018111000099452212
0.01960385600250447,0.006457108996983152,0.004491236002650112,0.0026085860008606687,0.00284269899566425,0.011816413003543857,0.0032136079971678555,0.00018320600065635517
0.019801660004304722,0.006211534004251007,0.004612036995240487,0.002705120998143684,0.002865885995561257,0.011948136001592502,0.003180993997375481,0.00018051499500870705
0.019828637996397447,0.006171583001560066,0.004559871995297726,0.002791538994642906,0.0029666779955732636,0.011904444996616803,0.0033152639953186736,0.00020505599968601018
0.020391396996274125,0.0067688339986489154,0.0046063670015428215,0.0026820099956239574,0.0028711410050163977,0.012035690000629984,0.0031853170003159903,0.00018648200057214126
0.020769923998159356,0.00725325099483598,0.004548035001789685,0.002791089005768299,0.0028744210067088716,0.012027796001348179,0.0032612750001135282,0.0001878140028566122
0.02082644300389802,0.007045837999612559,0.004569210999761708,0.0028565339962369762,0.002896529003919568,0.012139618003857322,0.0032131909974850714,0.0001930069993250072
0.02083147600205848,0.006459120995714329,0.0046389359995373525,0.0026342870041844435,0.00290256899461383,0.013019163001445122,0.0032522719993721694,0.00019475800218060613
0.02102118800394237,0.006615097001485992,0.0046178390039131045,0.002691158006200567,0.0029156679956940934,0.012515657996118534,0.003207139998266939,0.0001895140012493357
0.022178966006322298,0.007530180999310687,0.004634767996321898,0.0028204360060044564,0.0029747649969067425,0.012386599002638832,0.0034026150024146773,0.000193619001947809
0.021833988997968845,0.007367728001554497,0.004775597000843845,0.002994520000356715,0.002926125001977198,0.01292118799756281,0.003237673001422081,0.0001947229975485243
0.021232901002804283,0.006555647996719927,0.004669258996727876,0.003101326001342386,0.002977169002406299,0.012822193995816633,0.003357025001605507,0.00018896199617302045
0.021458178001921624,0.006933534001291264,0.0047921000004862435,0.0028652730034082197,0.003082871000515297,0.012864569005614612,0.003361989001859911,0.0002373489987803623
0.02279416800593026,0.0077531030037789606,0.004742240998893976,0.002606597998237703,0.0030414830034715123,0.012884695999673568,0.0034807049960363656,0.00025554499734425917
0.022704408002027776,0.007351222004217561,0.004766323996591382,0.0028332860019872896,0.0030360090022441,0.013035535004746635,0.0035040459988522343,0.000201556998945307
0.022574824004550464,0.007430899000610225,0.00501288100349484,0.0031840229930821806,0.00354859400249552,0.015226799994707108,0.0036980860022595152,0.00022444299975177273
0.023337226994044613,0.007560746002127416,0.00482339299924206,0.0028476829975261353,0.003015761998540256,0.013194933002523612,0.0035195900054532103,0.00020073199993930757
0.022867377003422007,0.0077635560010094196,0.004931894000037573,0.0028002809995086864,0.003034332003153395,0.01336520499899052,0.0034508879980421625,0.00020190900249872357
0.023026580005534925,0.007523509004386142,0.004917544996715151,0.00288612800068222,0.003042454001842998,0.013449575002596248,0.003599877003580332,0.000202268005523365
0.02281585300079314,0.007089921004080679,0.0048942549983621575,0.00298975600162521,0.003075822001846973,0.013595738993899431,0.0034694100031629205,0.00020523700368357822
0.023123540995584335,0.007178369000030216,0.004980620004062075,0.0032387789979111403,0.00314015599724371,0.014245061000110582,0.00363908099825494,0.00020207100169500336
0.023623953995411284,0.007490963995223865,0.004947159002767876,0.0028342079967842437,0.003125085000647232,0.01381215999572305,0.0034613089956110343,0.00021098800061736256
0.023910530006105546,0.008115917997201905,0.005001285004254896,0.0030529669966199435,0.0031433359981747344,0.014076088998990599,0.0036031400013598613,0.00020776499877683818
0.02407612400565995,0.008091351999610197,0.00511199399625184,0.0030210050026653334,0.003195470999344252,0.014070227996853646,0.003656688997580204,0.00022935099696042016
0.02501163300621556,0.008809729995846283,0.005281015997752547,0.0029659819992957637,0.0032089460000861436,0.014243817997339647,0.003624545999628026,0.00020800800120923668
0.024884223996195942,0.008708278997801244,0.0051512840000214055,0.0029272879983182065,0.003177361002599355,0.014262917997257318,0.0036242050045984797,0.0002120669960277155
0.025391121998836752,0.008920009997382294,0.0050583580014063045,0.0034619290017872117,0.0031616149935871363,0.014415179000934586,0.0034807310003088787,0.00021669400302926078
0.025911977005307563,0.009137000000919215,0.005161982000572607,0.003112132995738648,0.003167292998114135,0.01456934200541582,0.0035743370026466437,0.0002175410045310855
0.025142098995274864,0.008433970993792173,0.005325354999513365,0.0032623049992253073,0.0031571510044159368,0.014718981001351494,0.0036746190016856417,0.00021289399592205882
0.026342099998146296,0.009423723997315392,0.0051349690038478,0.003107193006144371,0.0032219969943980686,0.01481958099611802,0.0035952449979959056,0.00021824699797434732
0.026007435997598805,0.008876293002685998,0.005159394997463096,0.0031207179999910295,0.0032084390040836297,0.014843209995888174,0.003714995000336785,0.00021441400167532265
0.026053978996060323,0.008722848004254047,0.0052464639957179315,0.0030958220013417304,0.0034422769967932254,0.015184684001724236,0.0036727799961226992,0.0002160299991373904
0.026321932004066184,0.008692363997397479,0.005246660999546293,0.0029921569948783144,0.003303757002868224,0.015404682999360375,0.0038596409940510057,0.0002231699982075952
0.026695127002312802,0.00928254600148648,0.005231852002907544,0.00320854400342796,0.0032613139992463402,0.015103653997357469,0.003715074999490753,0.00021773299522465095
0.026325810998969246,0.008818085996608716,0.005214782999246381,0.0031356629988295026,0.0032480920053785667,0.015508584001509007,0.0037223210019874386,0.00022051099949749187
0.02600644099584315,0.008295419997011777,0.005305152000801172,0.0032851260039024055,0.0032926400017458946,0.015741460003482644,0.0037632320018019527,0.0002534039958845824
0.026993944004061632,0.008578058004786726,0.005384967000281904,0.0033443010033806786,0.0034222899994347245,0.015618866003933363,0.003680616006022319,0.0002456579968566075
0.026728151002316736,0.008346637994691264,0.005355002998840064,0.003168552997522056,0.0033564309997018427,0.015761372000270057,0.0037263709964463487,0.0002218549998360686
0.026507465001486707,0.008225527002650779,0.005338024995580781,0.0031935750012053177,0.003396118998352904,0.016130459996929858,0.003792126997723244,0.00022334700042847544
0.02857258199946955,0.009359285002574325,0.00569323799572885,0.0035288679937366396,0.0035397719984757714,0.01658679800311802,0.003865979000693187,0.0002411539971944876
0.028640633994655218,0.009142012000666,0.005413056001998484,0.003655544001958333,0.003391530000953935,0.015995235997252166,0.003887635000864975,0.00022956400061957538
0.02753945899894461,0.008831264000036754,0.0055710939996060915,0.003445798996835947,0.003372924998984672,0.016179290003492497,0.003871476001222618,0.00023030099691823125
0.027796547001344152,0.008963013002357911,0.005423859001894016,0.0036138450013822876,0.0034050819958793,0.016305655997712165,0.003908282000338659,0.0002384469989920035
0.02885162199527258,0.009927840997988824,0.005419020999397617,0.003368783996847924,0.003413811995415017,0.016388707001169678,0.003708279000420589,0.00023518999660154805
0.028834664000896737,0.009404907999851275,0.005483312001160812,0.0032356709998566657,0.003416849998757243,0.016819305994431488,0.0039031909982440993,0.00023717599833616987
0.028093698994780425,0.008880569999746513,0.005489759998454247,0.0034855519988923334,0.0034969039988936856,0.017359926001518033,0.004834038001718,0.00023403700470225886
0.02917170600267127,0.009818575999815948,0.005498676000570413,0.0032963830017251894,0.003417309999349527,0.016908057004911825,0.005115298998134676,0.0002442210025037639
0.02978295700449962,0.0099074039972038,0.005540929996641353,0.003355615001055412,0.0034365030005574226,0.016884239004866686,0.0049068049993366,0.00024398599634878337
0.02926384800230153,0.009337335999589413,0.006002190995786805,0.0032736229986767285,0.0035284740006318316,0.01722071099356981,0.0048323379960493185,0.00023944499844219536
0.02896731300279498,0.009156457002973184,0.005712024001695681,0.0034040230020764284,0.003840780002065003,0.017426318998332135,0.004575617997033987,0.0002643019979586825
0.030182421003701165,0.010318836000806186,0.005693801998859271,0.0034617219935171306,0.0036056609969818965,0.017880448001960758,0.005181717999221291,0.0002437759976601228
0.029802165998262353,0.009260740000172518,0.005619502997433301,0.0035044830001425,0.003478466998785734,0.0174594329946558,0.004745058999105822,0.0002423839978291653
0.03073015800327994,0.010732982998888474,0.00601817400456639,0.0037279230018611997,0.0037265600039972924,0.018826516999979503,0.004855421000684146,0.0002574679965618998
0.03097307900316082,0.010124300999450497,0.00587715699657565,0.0035926069976994768,0.0035250430009909905,0.017947649001143873,0.004565678995277267,0.0002460370014887303
0.0301437279995298,0.009655592002673075,0.005732053999963682,0.0037103699942235835,0.003538365002896171,0.01829467799689155,0.004641212995920796,0.0002485880031599663
0.031197326999972574,0.010212245004368015,0.005740501997934189,0.0036547199997585267,0.0035256650007795542,0.018184298001870047,0.004558593995170668,0.00027281099755782634
0.03588412499811966,0.010457764998136554,0.005806629000289831,0.00343790899933083,0.003547666005033534,0.018409461998089682,0.004709671004093252,0.0002613019969430752
0.031682812004873995,0.010402349005744327,0.0059179980016779155,0.003389538003830239,0.0035764660060522147,0.018465929002559278,0.004661302002205048,0.000253712001722306
0.03206637300172588,0.011192027996003162,0.005991332996927667,0.003543669998180121,0.0036873970020678826,0.018360760004725307,0.004477495000173803,0.0002605970003060065
0.03166571000474505,0.01023677200282691,0.006123931001638994,0.0033975069964071736,0.0038190310006029904,0.01850411399937002,0.0047362400000565685,0.00027323499671183527
0.032407579994469415,0.01078581900219433,0.005938337002589833,0.003709282995259855,0.00368427399371285,0.01906890099780867,0.0047416550005436875,0.00025899100000970066
0.03242116200271994,0.010305752002750523,0.005896187998587266,0.0036624240019591525,0.0036123570025665686,0.018951172001834493,0.004630592993635219,0.0002599180006654933
0.03374263099976815,0.011378410003089812,0.00597749299777206,0.0036294140008976683,0.0036643659987021238,0.01884900300501613,0.004625103996659163,0.00026754500140668824
0.033468865003669634,0.011248404000070877,0.006101753002440091,0.0036390980021678843,0.003700724002555944,0.019426684993959498,0.004644813001505099,0.0002695050061447546
0.0327859380049631,0.010265306002111174,0.005945463999523781,0.0037679200031561777,0.004035466001369059,0.02014774399867747,0.004730729997390881,0.00027385699650039896
0.03449746200203663,0.011432169005274773,0.00641235299553955,0.0038814629951957613,0.003774622004129924,0.01948840799741447,0.004617917002178729,0.00026472299941815436
0.03378040399547899,0.011263637999945786,0.0060708699966198765,0.0036812799953622743,0.0036959159988327883,0.019777730005444027,0.00467417999607278,0.00026585700106807053
0.03369261999614537,0.010985861998051405,0.006064779998268932,0.003833085000223946,0.003744196001207456,0.019786940996709745,0.0049459159999969415,0.00027190700348000973
0.03463436000311049,0.011286326000117697,0.006147811000118963,0.003552975998900365,0.0037233219991321675,0.019827763993816916,0.004724596998130437,0.0002718680043471977
0.03447510999831138,0.01109503200132167,0.0061251510051079094,0.0036489359990810044,0.003743716995813884,0.019776783999986947,0.00462663899816107,0.0002713899957598187
0.03585590000147931,0.012159928999608383,0.006198764996952377,0.003676514003018383,0.00377561200002674,0.020016190006572288,0.004670273003284819,0.00027304600371280685
0.03502435999689624,0.011597290998906828,0.006174937996547669,0.003732946002855897,0.0038049639988457784,0.0201408349967096,0.004789851001987699,0.0002658539960975759
0.03554692000034265,0.012110758005292155,0.006285413997829892,0.0036695160015369765,0.00379481099662371,0.020543294995150063,0.0048036050066002645,0.0002669530003913678
0.036046686000190675,0.012318738998146728,0.006359166000038385,0.004058279002492782,0.0038121649995446205,0.02065452800161438,0.004861250999965705,0.00027619100001174957
0.03597059099411126,0.012375516998872627,0.006348101000185125,0.003732762001163792,0.003786183995543979,0.021076043994980864,0.004913188997306861,0.0002771420040517114
0.036527518001093995,0.012549995997687802,0.0064173840000876226,0.004094630996405613,0.003931790997739881,0.021176750997256022,0.005389605998061597,0.0002963150036521256
0.0374679069936974,0.012067388001014479,0.006327964998490643,0.0038420220007537864,0.0038936549972277135,0.02113664699572837,0.004726440995000303,0.0002846970019163564
0.03568091499619186,0.011091704996943008,0.006298442996921949,0.0040613079981994815,0.0038615199955529533,0.021125730003404897,0.004966290005540941,0.00028059199394192547
0.03569904599862639,0.010594962994218804,0.006312723002338316,0.004014406993519515,0.003922470998077188,0.021163978999538813,0.004903770997771062,0.00027293300081510097
0.03674108000268461,0.011604806997638661,0.00636859599762829,0.004041639003844466,0.003918424001312815,0.021284495000145398,0.005151612996996846,0.00030156200227793306
0.03759541200270178,0.012433582996891346,0.00636089999898104,0.004141500998230185,0.0038564679998671636,0.02143539799726568,0.005013111003790982,0.0002853159967344254
0.038261077999777626,0.012843303004046902,0.006474109999544453,0.0039794350013835356,0.0038745790006942116,0.021691596004529856,0.004982746999303345,0.0002890410032705404
0.03764152999792714,0.012007634999463335,0.006483454002591316,0.004221048002364114,0.003932779000024311,0.021742203003668692,0.004982842998288106,0.0003131909979856573
0.037255802999425214,0.011879926998517476,0.006491669002571143,0.004065423003339674,0.003980827001214493,0.02198139499523677,0.004978985998604912,0.0002898250022553839
0.03837995699723251,0.012598479996086098,0.006595197999558877,0.004052395997860003,0.003940491995308548,0.022533130999363493,0.004941355000482872,0.000294707999273669
0.038962792001257185,0.01321110099524958,0.0065055660015787,0.004118129996641073,0.004034607998619322,0.022617383001488633,0.004952016002789605,0.00029214899404905736
0.03843441999924835,0.01199141100369161,0.006717663003655616,0.004508736004936509,0.004217927998979576,0.023294248996535316,0.005190298004890792,0.00029642199660884216
0.040128906002792064,0.013206070005253423,0.006802361000154633,0.0038071259987191297,0.003989457996794954,0.022562173995538615,0.005030244996305555,0.00030255200545070693
0.03967967999778921,0.013359417993342504,0.006793125001422595,0.0039506589964730665,0.0039662340059294365,0.022691551996103954,0.005191805001231842,0.00029566400189651176
0.03993050399731146,0.013604779000161216,0.006827464996604249,0.004138297001190949,0.004009780997876078,0.023316408005484845,0.0049128470054711215,0.00030095999682089314
0.04003331199783133,0.013315414995304309,0.006805721997807268,0.004151852997893002,0.0040164950041798875,0.023419673001626506,0.005056242996943183,0.00030274900200311095
0.04098592499940423,0.014013539999723434,0.006868527001643088,0.003960121001000516,0.004013953999674413,0.023320630003581755,0.005120293004438281,0.0003020790027221665
0.04050351999467239,0.013280965999001637,0.0068744539967156015,0.004038991995912511,0.004014113997982349,0.023848611999710556,0.0053568459989037365,0.00030098400020506233
0.04108219900081167,0.013779193999653216,0.0069447639980353415,0.004155290997005068,0.0040482729964423925,0.023529375001089647,0.005158480002137367,0.00029966700094519183
0.04200700100045651,0.014807267005380709,0.007121085996914189,0.0041210979979950935,0.004123973994865082,0.02382745199429337,0.005583925005339552,0.0003334360008011572
0.0409058389996062,0.013028677996771876,0.006826589000411332,0.004083293002622668,0.004092396004125476,0.024187679002352525,0.005236894998233765,0.00030564200278604403
0.04110241599846631,0.013157114997738972,0.007449949000147171,0.004476202004298102,0.004342879001342226,0.025344596993818413,0.0053610459945048206,0.0003193439988535829
0.0442256370006362,0.014878668000164907,0.006810383005358744,0.0044441659993026406,0.004184368001006078,0.02430865800124593,0.005207820002397057,0.0003127739983028732
0.042768168001202866,0.013440152994007803,0.007273044000612572,0.004614789002516773,0.004384633000881877,0.026046762999612838,0.005564270002651028,0.0003338149981573224
0.04518846599967219,0.015050037000037264,0.007286218999070115,0.004775958994287066,0.004384908999782056,0.02602427199599333,0.005431715995655395,0.00032096200447995216
0.045020208999630995,0.014315877000626642,0.007085413002641872,0.00450152599660214,0.004254061997926328,0.0255186619979213,0.005275049996271264,0.000324945998727344
0.04564069200569065,0.01581340799748432,0.007170090000727214,0.0043308489985065535,0.0042568339995341375,0.024977184002636932,0.005278554999676999,0.0003165720045217313
0.0436865440060501,0.014312052000605036,0.006963795000046957,0.004113716000574641,0.004186619000392966,0.025091755000175908,0.005852621005033143,0.000343732004694175
0.04255552299582632,0.012506236998888198,0.0070471799990627915,0.0045220729953143746,0.004300068998418283,0.025539791000483092,0.005199871004151646,0.00033904299925779924
0.04463349800062133,0.015300792001653463,0.007079255999997258,0.004294814003515057,0.004200589995889459,0.02531874499982223,0.005422053000074811,0.000323378000757657
0.04473114600114059,0.015504431998124346,0.007062297998345457,0.004337300000770483,0.0041935039989766665,0.026909300999250263,0.0055240539950318635,0.0003229650028515607
0.04479492099926574,0.015396419003081974,0.007095751003362238,0.004656338998756837,0.0042810070008272305,0.026180266999290325,0.005434896003862377,0.00035660799767356366
0.04449473899876466,0.014190956004313193,0.007269688001542818,0.004510478000156581,0.004230056998494547,0.02559917300095549,0.005436659004772082,0.0003271410023444332
0.045366460995865054,0.015479606001463253,0.007323356003325898,0.004353921998699661,0.004344421002315357,0.025823283998761326,0.0053672830035793595,0.0003241179947508499
0.04648841600283049,0.016428121001808904,0.007249283000419382,0.004365886998130009,0.004257022999809124,0.026137270993785933,0.00591729400184704,0.00034167300327681005
0.045799184998031706,0.015245830996718723,0.007147727003030013,0.004633664000721183,0.0043147480027982965,0.026294868999684695,0.006090916998800822,0.0003291239991085604
0.0476949939984479,0.016578456001298036,0.007182714994996786,0.004239023000991438,0.004311231998144649,0.026191363998805173,0.0060977310058660805,0.00033493799855932593
0.04697666200081585,0.015987337996193673,0.007224579996545799,0.0044162510021124035,0.004410640998685267,0.027163507002114784,0.006259194000449497,0.0003319320021546446
0.047845936998783145,0.016604036994976923,0.007260086000314914,0.0043747300005634315,0.004343231994425878,0.02692877099616453,0.006180995995237026,0.0003350729966768995
0.04805974700138904,0.01661399399745278,0.007767312999931164,0.00453150399698643,0.0043350380001356825,0.027086456000688486,0.006002459005685523,0.00033615600113989785
0.04681923300086055,0.015101491997484118,0.007321439996303525,0.004754711000714451,0.004356534998805728,0.027503812001668848,0.006069645001844037,0.00033365599665557966
0.047312196002167184,0.014928463002434,0.007352725995588116,0.004297886000131257,0.0043194780009798706,0.027460172001156025,0.006551201993715949,0.00033451099443482235
0.048006557997723576,0.015392213004815858,0.007352319000347052,0.004537540997262113,0.004358245001640171,0.027488419000292197,0.005666983997798525,0.0003428370036999695
0.04761010999936843,0.014537925002514385,0.007583570004499052,0.004790617000253405,0.004439402997377329,0.027722342005290557,0.005605133002973162,0.0003483319960650988
0.048993820004398,0.01656565099983709,0.007387983001535758,0.004550031000690069,0.004396164003992453,0.02774709999357583,0.006036762002622709,0.00034453400439815596
0.049025257998437155,0.016517014999408275,0.007578594995720778,0.0047133240004768595,0.0043716149957617745,0.027917166000406723,0.005914497000048868,0.0003415909959585406
0.05037164500390645,0.01753449499665294,0.007535571996413637,0.004705822997493669,0.004400409001391381,0.027819911992992274,0.005971860002318863,0.0003433660021983087
0.049950130996876396,0.017187792000186164,0.007496963000448886,0.0047190729965223,0.004409073997521773,0.028424403004464693,0.00601933199504856,0.0003383009971003048
0.05335624599683797,0.018773345997033175,0.00785643400013214,0.004939685000863392,0.004428133994224481,0.028461428002628963,0.005764551002357621,0.00035036900226259604
0.05279328899632674,0.017663108999840915,0.007803407002938911,0.004977624004823156,0.004508632999204565,0.0290277270032675,0.005823851999593899,0.00035232899972470477
0.0497762419981882,0.0159082620011759,0.0075822189974132925,0.004757552000228316,0.0045792289965902455,0.029158645003917627,0.006147893996967468,0.0003491789975669235
0.05155594499956351,0.017724305995216127,0.007588330001453869,0.004916735000733752,0.00493285599804949,0.031057562002388295,0.006071887000871357,0.00036391599860507995
0.05034659500233829,0.01606619300582679,0.0076806650031358,0.004775715999130625,0.0045879949975642376,0.0294136999946204,0.0059496800022316165,0.00034897900331998244
0.05062099699716782,0.01653636099945288,0.007572620001155883,0.005127750999236014,0.00457078599720262,0.029531124004279263,0.006078391998016741,0.00035433000448392704
0.0517650620022323,0.017227237003680784,0.007590942004753742,0.004975128002115525,0.004650546004995704,0.0295938359995489,0.005930715000431519,0.0003487190042505972
0.05268963999697007,0.017663351994997356,0.007683579999138601,0.004927560999931302,0.004562239002552815,0.02979204500297783,0.005928625003434718,0.00035217299591749907
0.05468326400296064,0.0183399340021424,0.008040922999498434,0.0048790029977681115,0.004587900002661627,0.029788623003696557,0.00596227800269844,0.00042075699457200244
0.052919429006578866,0.018240090998006053,0.007747236995783169,0.004719223994470667,0.0047028400003910065,0.0300843340010033,0.006070800998713821,0.00038773300184402615
0.052983920002589,0.017283977002080064,0.007773306999297347,0.004855908999161329,0.004602057000738569,0.02999341800023103,0.006004533002851531,0.00036118299613008276
0.05315235599846346,0.016931236001255456,0.007763118002912961,0.0048312950020772405,0.004601658001774922,0.030488912998407613,0.0061524530028691515,0.0003645489996415563
0.053000726002210286,0.016569272003835067,0.007872709997172933,0.004719631993793882,0.004603674002282787,0.030665240999951493,0.005967502002022229,0.0004462040014914237
0.055096661002608016,0.019050324001000263,0.007988719000422861,0.004993515998648945,0.004658849000406917,0.030652137997094542,0.006213843997102231,0.0003915670022252016
0.05491895599698182,0.01844699700450292,0.0078123269995558076,0.0051433199987513945,0.00462507000338519,0.03096789800474653,0.0060867850042996,0.00036600499879568815
0.05354133900254965,0.0167659979997552,0.007929228006105404,0.004998149001039565,0.004652281000744551,0.03220628499548184,0.0062043549987720326,0.0003669440047815442
0.05473707299825037,0.01747352500387933,0.00807598100072937,0.005225382999924477,0.004655140997783747,0.03177950600365875,0.006355596000503283,0.00038772499829065055
0.056375615000433754,0.0197641080012545,0.007921038995846175,0.004860849003307521,0.004665198997827247,0.03137959400191903,0.006416730997443665,0.0003779990001930855
0.056811503003700636,0.018350133999774698,0.008002649003174156,0.004993524002202321,0.004681341000832617,0.03174448799836682,0.006795094996050466,0.0003717799991136417
0.05545418499968946,0.01767208700039191,0.007952585001476109,0.0052304899945738725,0.004805351003597025,0.03172483800153714,0.006447728999773972,0.00039283899968722835
0.05565434700110927,0.01778776600258425,0.008079463994363323,0.004768250000779517,0.00469186800182797,0.03183644499949878,0.0064323280021199025,0.00036947600165149197
0.057747033999476116,0.019409603999520186,0.008151009002176579,0.004935609998938162,0.004790566999872681,0.03280738399917027,0.006767177001165692,0.0003823590013780631
0.057255708998127375,0.0187911789980717,0.008230412000557408,0.005193190001591574,0.004762290001963265,0.032379192001826596,0.0064255959950969554,0.0003889270010404289
0.059176667004066985,0.0196001759977662,0.008030479002627544,0.005048020000685938,0.0047736889973748475,0.03257779800333083,0.006190300999151077,0.00038439999480033293
0.05858753599750344,0.02011026100080926,0.008119555001030676,0.005256607000774238,0.004793521999090444,0.032874395001272205,0.006310365999524947,0.00038648499321425334
0.05896750999818323,0.019988652005849872,0.00817099700361723,0.005119405999721494,0.004848743003094569,0.03325479500199435,0.006387025998265017,0.0003808649998973124
0.05904896600259235,0.018981219000124838,0.008294666004076134,0.0050804429993149824,0.00480810999579262,0.0334825159952743,0.00627859600353986,0.0003938139998354018
0.0575681290065404,0.01820161900104722,0.008180438002455048,0.005191805001231842,0.004993172005924862,0.033728231996065006,0.006358239996188786,0.000407571998948697
0.058624803998100106,0.01923323100345442,0.00828462399658747,0.005523414998606313,0.004875957005424425,0.033562368000275455,0.0062867169981473126,0.00038651900104014203
0.06010023300041212,0.02001929099787958,0.008224427001550794,0.005789497998193838,0.004837496002437547,0.0338581219984917,0.006659355000010692,0.000383463004254736
0.0600484550013789,0.020523197003058158,0.008392374998948071,0.005668348996550776,0.004963701001543086,0.03420390399696771,0.006489124003564939,0.0003916440036846325
0.059491496002010535,0.019050296999921557,0.008301578003738541,0.005182104003324639,0.004820444999495521,0.034216091997222975,0.006272851998801343,0.0003933510015485808
0.06091914399439702,0.019519142995704897,0.008518050999555271,0.005722781002987176,0.00485884900263045,0.034141923002607655,0.006442059995606542,0.0003997390012955293
0.06307989799825009,0.022148546995595098,0.008433205999608617,0.005625623001833446,0.004914434997772332,0.034355891999439336,0.006692888004181441,0.00039671100239502266
0.061526807003247086,0.020259622993762605,0.008326089999172837,0.005208918999414891,0.005065860001195688,0.03447192200110294,0.006646718000411056,0.00040198899660026655
0.06215664900082629,0.020937401997798588,0.00838373000442516,0.005681615002686158,0.004909381001198199,0.03482602300209692,0.00678494900057558,0.0003999719992862083
0.0628686169948196,0.021301351000147406,0.00851273499574745,0.005210379997151904,0.0049296419965685345,0.0351238720031688,0.006563726004969794,0.0003991740013589151
0.06303158499940764,0.019530767000105698,0.008413203999225516,0.005363752003177069,0.0049868570058606565,0.03497979699750431,0.006694552997942083,0.00040331800119020045
0.062155900996003766,0.02029899899935117,0.008525291996193118,0.005396264998125844,0.0049507150033605285,0.03560728400043445,0.006627231006859802,0.00039947300683707
0.06328588100586785,0.021243880997644737,0.008474608999677002,0.00547491799807176,0.004965135995007586,0.03566308500012383,0.006654768003500067,0.00043127200478920713
0.0661940349964425,0.023630338997463696,0.008718043995031621,0.00562296700081788,0.004962327999237459,0.035783578001428396,0.0066389510029694065,0.0004145070051890798
0.06297319199802587,0.020354496002255473,0.00867411500075832,0.005072915999335237,0.005093908999697305,0.03631993200542638,0.006794754997827113,0.00041411900019738823
0.06251464299566578,0.020142573994235136,0.008624103000329342,0.005735489001381211,0.005012140994949732,0.037011511994933244,0.006603032001294196,0.0004133869952056557
0.06363888199848589,0.021127452004293445,0.008639551997475792,0.005674216001352761,0.005026377002650406,0.03652440899895737,0.006994763003604021,0.00043857700075022876
0.0653291700000409,0.022136422005132772,0.008709064997674432,0.005612494998786133,0.005019522999646142,0.03778771899669664,0.006502117998024914,0.00041348700324306265
0.06546439800149528,0.0216340660044807,0.008610178003436886,0.005480088002514094,0.005041463999077678,0.038387964996218216,0.006910814001457766,0.0004319669969845563
0.06470554000406992,0.020746570997289382,0.009374213004775811,0.005862812999112066,0.005401344002166297,0.038897791993804276,0.007005587001913227,0.0004466359969228506
0.06799090399726992,0.022031444997992367,0.008728913999220822,0.005564177001360804,0.005026403996453155,0.03848100399773102,0.007153350001317449,0.00044647500180872157
0.07122212400281569,0.024582712998380885,0.008940202998928726,0.005697289001545869,0.005227559995546471,0.03836800900171511,0.0070521320012630895,0.0004303980022086762
0.0680001600048854,0.02340041199931875,0.008773573994403705,0.00546363399917027,0.00515498299500905,0.0375520010056789,0.007062048003717791,0.0004305260008550249
0.06763203300215537,0.021577232000709046,0.00876153900026111,0.005459510997752659,0.005071734994999133,0.03796829900238663,0.007720805995631963,0.0004290549986762926
0.0676329620036995,0.02264521300094202,0.00880337900161976,0.005424094997579232,0.0051252810008008964,0.03799439899739809,0.00839781900140224,0.00042619300074875355
0.0677238979988033,0.022034135996364057,0.008912033001251984,0.006122906997916289,0.005107789998874068,0.039027801001793705,0.008482979006657843,0.0004286600014893338
0.06694239399803337,0.02135446300235344,0.008904117996280547,0.005712528996809851,0.0051881530016544275,0.03960204900067765,0.01033560900395969,0.0004460100026335567
0.06725372999790125,0.02151164300448727,0.00896367100358475,0.0057469790044706315,0.005265409999992698,0.038984252998488955,0.008169091001036577,0.00044255800457904115
0.06856956900446676,0.022700558001815807,0.008998530000098981,0.005671471997629851,0.005154247999598738,0.03888618999917526,0.007800223997037392,0.00042501799907768145
0.07169062499451684,0.02629313100624131,0.009019762997922953,0.006180461001349613,0.005181709995667916,0.03933488500479143,0.00857428000017535,0.00043522100168047473
0.06891283599543385,0.0226177340009599,0.008947196001827251,0.005733616002544295,0.005230094997386914,0.0392780149995815,0.008011731995793525,0.0004347380017861724
0.07050656800129218,0.02351917899795808,0.008990178001113236,0.0058211499999742955,0.005166032999113668,0.039507292000052985,0.007417752000037581,0.00043232199823250994
0.07336137299716938,0.025576912994438317,0.00897475000238046,0.005952216997684445,0.005293660004099365,0.039805369000532664,0.0078066860005492344,0.0004580390013870783
0.07055817299988121,0.0224336859973846,0.009037602998432703,0.0061316409992286935,0.005222446998232044,0.04043902400007937,0.007920488998934161,0.00043872700189240277
0.07373059499514056,0.026617823001288343,0.009072207001736388,0.005781613996077795,0.005192986995098181,0.04013282100640936,0.007956511006341316,0.0004438920004758984
0.07229672300309176,0.025526461002300493,0.00923481299832929,0.005891708999115508,0.005268518994853366,0.040268648001074325,0.007751140001346357,0.00046239000221248716
0.07222141499369172,0.02453005999996094,0.009759440006746445,0.005727493000449613,0.0052585020021069795,0.04091642100684112,0.007925326994154602,0.000447307997092139
0.07183624000026612,0.023159362994192634,0.009188624004309531,0.005850460001965985,0.005394617001002189,0.04024178800318623,0.008083613000053447,0.0004887949980911799
0.07251689899567282,0.023682708997512236,0.009283409002819099,0.006189913001435343,0.005345461002434604,0.04124961299385177,0.0076785700002801605,0.00044186900049680844
0.07479926199448528,0.02581154899962712,0.009281986000132747,0.005863309001142625,0.005330832005711272,0.0414408079959685,0.007655065004655626,0.0005139570057508536
0.07374067600176204,0.02452468699630117,0.009256279001419898,0.005847904998518061,0.0052895680055371486,0.04148048900242429,0.007605259997944813,0.0004458109979168512
0.07323522299702745,0.023009641998214647,0.009825352004554588,0.006282182999711949,0.005343949000234716,0.0416858440003125,0.007737610998447053,0.00044834100117441267
0.07530004699947312,0.02576781399693573,0.009273215000575874,0.005897442999412306,0.005508392998308409,0.0415248600038467,0.00793474999954924,0.00045648800005437806
0.07408583399956115,0.024113870997098275,0.009230884999851696,0.005849993001902476,0.005323073004547041,0.042935940000461414,0.008422958999290131,0.0004898929983028211
0.07594701900234213,0.025205553996784147,0.009366642996610608,0.005766360001871362,0.005391005004639737,0.041920566000044346,0.007569127999886405,0.0004498190028243698
0.07753511099872412,0.027538566995644942,0.009413772000698373,0.00602405599784106,0.005376731998694595,0.042343588000221644,0.008004721996258013,0.000457473004644271
0.07462962900171988,0.023515813001722563,0.009445267001865432,0.005700921996321995,0.005556889002036769,0.04284297399863135,0.0076258720000623725,0.0004537579952739179
0.07839783799863653,0.025737716001458466,0.010000029004004318,0.006047238995961379,0.005544409999856725,0.044561418995726854,0.008035939994442742,0.0004771879976033233
0.07741616599378176,0.026570980000542477,0.009466548006457742,0.006040905995178036,0.00541856000199914,0.04301144900091458,0.00782109799911268,0.0005179029976716265
0.07693631200527307,0.026309474000299815,0.009422948998690117,0.005982801005302463,0.005626619000395294,0.04332076999708079,0.008130056005029473,0.0004872439967584796
0.07797604800725821,0.027302171001792885,0.009445263996894937,0.006425376996048726,0.005475320998812094,0.043971405997581314,0.007927579994429834,0.00048016499931691214
0.07870396799989976,0.02641152899741428,0.009646046994021162,0.005943785996350925,0.005478052000398748,0.04375693899783073,0.00765636900177924,0.0004664389998652041
0.07797212799778208,0.02652348199626431,0.010101617001055274,0.00617811200208962,0.005747950002842117,0.04558520499995211,0.008263807001640089,0.0004812240003957413
0.08117020899953786,0.026947710000968073,0.009559067002555821,0.005979205001494847,0.00546381100139115,0.043926552003540564,0.007716398999036755,0.0004756499984068796
0.07833228299568873,0.0248576759986463,0.009671658001025207,0.006173560002935119,0.005503806998603977,0.04404794599395245,0.007887595995271113,0.000457054004073143
0.07783268799539655,0.024315425005625002,0.009658923001552466,0.006355780002195388,0.005564629995205905,0.04440939200139837,0.007801302999723703,0.0004644569999072701
0.07875918100035051,0.02538664999883622,0.00984420400345698,0.006173159999889322,0.005567576001340058,0.04491235000023153,0.007791805001033936,0.0004767110003740527
0.08056416299950797,0.02636800999607658,0.00965869100036798,0.006154438997327816,0.005574430004344322,0.045186260002083145,0.008279851004772354,0.0005083180003566667
0.08119786500174087,0.026889314998697955,0.009739960005390458,0.006061867999960668,0.005560040001000743,0.04490290900139371,0.008055695994698908,0.00048285000229952857
0.08050024000112899,0.026918819996353704,0.010235387002467178,0.00633922000270104,0.005678369998349808,0.04551294799603056,0.007880532997660339,0.0004828390010516159
0.08154104899585946,0.02773648100264836,0.00972227900638245,0.006028390002029482,0.005569506000028923,0.045494047000829596,0.007895603994256817,0.0005233740012045018
0.0813583839990315,0.027323634996719193,0.009796418002224527,0.0066375460010021925,0.005630173000099603,0.045738102999166586,0.007977972003573086,0.0004780140006914735
0.08237847599957604,0.027393255004426464,0.009897600997646805,0.006230238999705762,0.00570842600427568,0.04705793600442121,0.008075795994955115,0.0004853220016229898
0.08536552500299877,0.029279145994223654,0.009823157997743692,0.007084088996634819,0.005653318003169261,0.04686230300285388,0.007927696999104228,0.0004904550005448982
0.08326372299779905,0.02783824200014351,0.009798268001759425,0.0062233710050350055,0.0056586069986224174,0.04703738699754467,0.008108379995974246,0.0005035799986217171
0.08450549899862381,0.02894904799904907,0.010538323003856931,0.006455041999288369,0.0058493309988989495,0.047053171998413745,0.007872436995967291,0.00047970900050131604
0.08290895000391174,0.026924379002593923,0.009894839000480715,0.006786180994822644,0.005671930004609749,0.0477727249963209,0.008016862004296854,0.0004888980038231239
0.08592910099832807,0.02963369600183796,0.010019584995461628,0.006258900000830181,0.005700714005797636,0.04719079899950884,0.008003849994565826,0.00048440200043842196
0.0849288660028833,0.029164701998524833,0.010429971996927634,0.006907050003064796,0.005955729000561405,0.04911378600081662,0.008131041999149602,0.0004907219990855083
0.08640526700037299,0.029813623004883993,0.009999242996855173,0.0066320199985057116,0.005879363001440652,0.04755910899984883,0.008189288004359696,0.000491612998303026
0.08691716400062433,0.030007889996340964,0.010032628000772092,0.006245093994948547,0.005742639994423371,0.04829441699985182,0.007987874996615574,0.0005083229989395477
0.08606320499529829,0.028720499998598825,0.010088053000799846,0.006672900002740789,0.00570318700192729,0.04795772200304782,0.008340319000126328,0.0004959310026606545
0.087776173997554,0.02981351099879248,0.010180133001995273,0.006633602002693806,0.005713380000088364,0.048612645994580816,0.008296676001918968,0.0004994690025341697
0.08703319299820578,0.030120370000076946,0.010315113002434373,0.006673883995972574,0.005955141001322772,0.049951367000176106,0.008147990003635641,0.000519061999511905
0.0858182809970458,0.027197856004931964,0.01014533000125084,0.006255774002056569,0.005824504994961899,0.048794366004585754,0.008395257995289285,0.0005150200013304129
0.08865737800078932,0.03056626900070114,0.010168428998440504,0.007365472003584728,0.005768210998212453,0.048860224000236485,0.008288217002700549,0.0005061209958512336
0.08778478799649747,0.028946932005055714,0.010183209997194353,0.00645405899558682,0.005777913000201806,0.04900673900556285,0.008059434992901515,0.0004938459969707765
0.08984068199788453,0.030494054000882898,0.010370167001383379,0.0067417940008454025,0.0063263749980251305,0.049803354995674454,0.008059446998231579,0.0005178860010346398
0.08946421299333451,0.029021235000982415,0.01026477399864234,0.006512696003483143,0.005981681002594996,0.04964664900035132,0.008052269004110713,0.0005028119994676672
0.09022667400131468,0.030519188003381714,0.010205054997641128,0.006846812997537199,0.005873709997104015,0.05000836999533931,0.008105165004963055,0.0005129780038259923
0.09015138000540901,0.030035949996090494,0.010312648002582137,0.006379970000125468,0.006119867000961676,0.05004578000080073,0.00826379300269764,0.0005080939954495989
0.08982573399407556,0.0297202810033923,0.010376263002399355,0.007063143995765131,0.005866138999408577,0.049935617003939115,0.008373087999643758,0.0005121750000398606
0.09191939899756107,0.03144677400268847,0.010270202998071909,0.006670453993137926,0.006025127004249953,0.05070980099844746,0.008383277003304102,0.0005190550000406802
0.09413676800613757,0.03157086099963635,0.011239703999308404,0.007090149003488477,0.006115495998528786,0.05126178300270112,0.00833091600361513,0.0005164139947737567
0.0903571680028108,0.029304368996236008,0.01035818200034555,0.0068622489998233505,0.0059105419932166114,0.050606397999217734,0.008474444999592379,0.0005406959971878678
0.0923027649987489,0.031237276998581365,0.010251806997985113,0.006833833002019674,0.0059196750007686205,0.05171631100529339,0.008442497004580218,0.0005123970040585846
0.09200801699626027,0.030017157005204353,0.010369395997258835,0.006510161998448893,0.005930162005824968,0.05189334000169765,0.008351255994057283,0.0005152219964656979
0.09256908699899213,0.030198943997675087,0.01041119999717921,0.006850472003861796,0.005993687002046499,0.051680439995834604,0.009714542000438087,0.0005485929941642098
0.09461158799967961,0.03042437999829417,0.010671888005163055,0.006798750997404568,0.0059753899986390024,0.05240402799972799,0.009564273997966666,0.0005150020006112754
0.09570732800057158,0.03257293299975572,0.010434759999043308,0.006690405003610067,0.006060209001589101,0.052278736999141984,0.00888562599720899,0.0005285049992380664
0.0948295690031955,0.032012915005907416,0.010578642002656125,0.006982986997172702,0.006010126002365723,0.05238893299974734,0.00924154600215843,0.0005200009982218035
0.09547509500407614,0.03260518600291107,0.010640918000717647,0.006810213999415282,0.006056231999536976,0.052323608004371636,0.008990738999273162,0.0005263589991955087
0.09529452700371621,0.03276370400271844,0.01224896500207251,0.00753369799349457,0.0061878400010755286,0.05461877600464504,0.00896370400005253,0.0005489270042744465
0.09654268500162289,0.03197389999695588,0.010494931004359387,0.0069211289956001565,0.006084077998821158,0.0531756759955897,0.0092436449995148,0.0005240509999566711
0.09634232399548637,0.032803923000756186,0.011620127996138763,0.007144932002120186,0.006412616996385623,0.053885086002992466,0.00874596499488689,0.0005256730000837706
0.09541049299878068,0.03103829699830385,0.011075039001298137,0.007102765994204674,0.006208689999766648,0.05335442000068724,0.008842534996801987,0.0005334870002116077
0.10016839799936861,0.03259172999969451,0.010731246999057475,0.0068731130013475195,0.006048739000107162,0.053979784999683034,0.008603075002611149,0.000547237999853678
0.1001173539989395,0.03402662099688314,0.011318498996843118,0.006603117995837238,0.006056796002667397,0.053803341994353104,0.008807985999737866,0.0005382949966588058
0.09907076899980893,0.03434583199850749,0.01079899599426426,0.0074440660027903505,0.006082763000449631,0.05476882200309774,0.009139374997175764,0.0005358280031941831
0.10054465099528898,0.034248516996740364,0.010721295002440456,0.007258676996571012,0.00623285800247686,0.05556472999887774,0.008788122999249026,0.0005369389982661232
0.09931352800049353,0.03346478599996772,0.010791093001898844,0.007252466006320901,0.00610634199983906,0.05492534400400473,0.009030957000504714,0.000536102001206018
0.09917206800309941,0.034100723001756705,0.011093497996625956,0.0072083929990185425,0.006256050000956748,0.055134105001343414,0.008605747003457509,0.0005458189989440143
0.10071761599829188,0.034656238996831235,0.010807566999574192,0.006702329003019258,0.0061831820057705045,0.055617347003135365,0.008809375001874287,0.0005402150054578669
0.09726885400596075,0.02967244300089078,0.010920287000772078,0.0071014389977790415,0.006227254001714755,0.05594806100270944,0.008864370000083,0.0005390969963627867
0.09789367399935145,0.030151332000968978,0.01092715000413591,0.006947141002456192,0.006172467001306359,0.05548576099681668,0.009218459003022872,0.000536758998350706
0.10256029900483554,0.03549031099828426,0.010964759996568318,0.00745121300133178,0.006186678998346906,0.056050507999316324,0.009457191001274623,0.0005890520042157732
0.10359550900466274,0.03300286600278923,0.010835578999831341,0.007278907003637869,0.0061803389980923384,0.05618377900100313,0.00898553300066851,0.0005721999987144955
0.10331340199627448,0.035262131998024415,0.011541704996488988,0.00768366100237472,0.006156673000077717,0.05612033899524249,0.008628870004031342,0.0005546329994103871
0.10254261599766323,0.03471520700259134,0.010950804004096426,0.007339037001656834,0.006198982999194413,0.0567379739950411,0.008840876005706377,0.0005535040036193095
0.10271223100426141,0.03407079799944768,0.011125502998766024,0.0075086140059283935,0.006216027002665214,0.05713056500098901,0.008811277999484446,0.0005567870030063204
0.10425014599604765,0.034235801998875104,0.01113922399963485,0.0072593680015415885,0.006285793999268208,0.05892934199800948,0.009132785999099724,0.0005536980024771765
0.10426706800353713,0.03568874200573191,0.011124128999654204,0.00749061399983475,0.006248919999052305,0.05767986499995459,0.008672952004417311,0.0005538719997275621
0.10336993500095559,0.033522746998642106,0.010962464999465737,0.007392145998892374,0.0063287630036938936,0.05885386600130005,0.00878233300318243,0.0005734469959861599
0.10573721300170291,0.03579016499861609,0.011368145998858381,0.007111587001418229,0.00624962399888318,0.05792709899833426,0.00884193999809213,0.0006110909962444566
0.10583275099634193,0.03689668099832488,0.011440087997470982,0.007043043995508924,0.006459459997131489,0.060423729999456555,0.009114207001402974,0.000598021004407201
0.10844332800479606,0.03657125799509231,0.011173475002578925,0.0076840990004711784,0.006436274001316633,0.05826500699913595,0.008863680996000767,0.0005634069966617972
0.10330647400405724,0.032290287999785505,0.011079936994065065,0.007263806997798383,0.006313292004051618,0.058254115996533073,0.009021003999805544,0.0005689629979315214
0.1056842189937015,0.033727710993844084,0.01126574900263222,0.006807484998716973,0.006353081000270322,0.05900436000229092,0.008600828994531184,0.0005704989962396212
0.1092195909950533,0.038506306998897344,0.0113387640012661,0.007859529003326315,0.006756650000170339,0.060996328000328504,0.009565247004502453,0.000588647999393288
0.11060580200137338,0.03778818099817727,0.01147028899868019,0.007590764005726669,0.006442133002565242,0.06032092600071337,0.009762962996319402,0.000566490001801867
0.10831779200088931,0.03650557799846865,0.011542530002770945,0.007843683997634798,0.006668240996077657,0.05974855699605541,0.009751190002134535,0.0005697279993910342
0.10621262399945408,0.034204632000182755,0.01155238399951486,0.007514591001381632,0.006380693004757632,0.06297435300075449,0.009400998998899013,0.0006008999989717267
0.11007307999534532,0.03632750199903967,0.011334552997141145,0.00739729699853342,0.006446302999393083,0.06370073799917009,0.009664337994763628,0.0005957039975328371
0.1118797099989024,0.03592419999768026,0.011354725000273902,0.008094388002064079,0.006371482006215956,0.06107853800494922,0.009004684005049057,0.0005782559965155087
0.11284089300170308,0.03735460700409021,0.011390225998184178,0.0078122490012901835,0.006419542005460244,0.0607394450053107,0.009493573998042848,0.0005773709999630228
0.11026634999871021,0.03673492399684619,0.011378162998880725,0.007654594999621622,0.006462101002398413,0.062258769998152275,0.008887214004062116,0.0005719859982491471
0.11241298400273081,0.038850962002470624,0.011434469997766428,0.008116256998619065,0.00650654000492068,0.06207607100077439,0.009644267003750429,0.0005815110052935779
0.11303145599958953,0.039180261999717914,0.01149616899783723,0.0076180269970791414,0.006487804996140767,0.061786512000253424,0.009424354000657331,0.0005888970044907182
0.11116979500366142,0.035946661002526525,0.011523863999173045,0.007084370998200029,0.006493048997072037,0.061817154004529584,0.00916368800244527,0.0005816689954372123
0.11173741600214271,0.03618648200063035,0.01154956500249682,0.007616009999765083,0.0064572779956506565,0.0629529840007308,0.009294684998167213,0.0005768480041297153
0.11549351699795807,0.039562514997669496,0.011542599000677,0.007147794000047725,0.0070769989979453385,0.06354172999999719,0.009080519994313363,0.0005907060040044598
0.11182499999995343,0.036191523002344184,0.011498195002786815,0.007415141997626051,0.006532143001095392,0.06252365499676671,0.00926451000123052,0.0005779040002380498
0.11447803900227882,0.03846078400238184,0.012018991001241375,0.007881253004597966,0.0065953260054811835,0.06283083800371969,0.009328984000603668,0.0005898090021219105
0.11415045800094958,0.03831915200134972,0.011536589001480024,0.008115046999591868,0.006512889995065052,0.06368720500177005,0.009240899998985697,0.0005866089995834045
0.11762414700206136,0.04057090599962976,0.012052717996994033,0.008333547004440334,0.006570447003468871,0.06340305699995952,0.009396795998327434,0.00063551699713571
0.11579042100493098,0.03856354200252099,0.01171446499938611,0.007457097999576945,0.006649962000665255,0.06357814100192627,0.009880415993393399,0.0005956599998171441
0.11881468699721154,0.03861632599728182,0.011649601001408882,0.007858188997488469,0.006581513000128325,0.06407287099864334,0.009792284996365197,0.0005948699981672689
0.11756416300340788,0.04059500800212845,0.012278153000806924,0.007708736004133243,0.006818862006184645,0.06374919199879514,0.00958143400202971,0.0006275660052779131
0.11690417500358308,0.03739394299918786,0.011741613001504447,0.007607722996908706,0.006676646000414621,0.06422183899849188,0.009435783002118114,0.0005986719988868572
0.11941893400216941,0.04132020199904218,0.01199259000713937,0.007804312001098879,0.006620341999223456,0.06476485000166576,0.009757794003235176,0.0006267839999054559
